Category,Market Cap,24h Volume,24h % Change
Smart Contract Platform,3011525094533.0,134412004871.0,3.04
Layer 1 (L1),2938452585852.0,127650687538.0,2.91
Proof of Work (PoW),2173700692444.0,81762315310.0,2.99
Proof of Stake (PoS),763319113301.0,45463201680.0,2.86
World Liberty Financial Portfolio,762783905562.0,161802286207.0,2.38
Made in USA,481328856644.0,36939282317.0,5.12
Stablecoins,311148876442.0,145940054755.0,0.13
USD Stablecoin,303564951201.0,120692998448.0,0.08
Alleged SEC Securities,299471006671.0,12671653345.0,1.01
Fiat-backed Stablecoin,297718594730.0,129075351445.0,0.11
Exchange-based Tokens,202004336583.0,5798852884.0,0.48
Made in China,182866430377.0,3777681492.0,-0.32
Centralized Exchange (CEX) Token,173396692537.0,2527052385.0,-0.1
Decentralized Finance (DeFi),131263356265.0,8304409784.0,3.47
Liquid Staking Tokens,84728502728.0,335436138.0,3.44
Liquid Staking,80381098412.0,518679094.0,3.77
Crypto-Backed Tokens,73984959114.0,3698302475.0,3.53
Wrapped-Tokens,72189888897.0,3631234759.0,3.53
Real World Assets (RWA),59339683625.0,18307667339.0,1.61
Meme,58542731886.0,7161379633.0,3.25
Governance,48608786171.0,5041717348.0,0.25
Privacy,41290421130.0,5996848458.0,43.4
Liquid Staked ETH,39288751185.0,76546934.0,3.78
Infrastructure,36842582770.0,6091453655.0,-2.16
Dog-Themed,36478768115.0,2692407358.0,1.23
4chan-Themed,32100612736.0,2646571934.0,1.51
Decentralized Exchange (DEX),28602634053.0,3262253121.0,4.44
Artificial Intelligence (AI),27786808038.0,4770212786.0,-5.33
Elon Musk-Inspired,27199582962.0,2165156104.0,1.45
Binance Alpha Spotlight,24191100599.0,4891097179.0,11.9
Bridged-Tokens,23828668936.0,5899364099.0,1.29
YZi Labs (Prev. Binance Labs) Portfolio,23499403625.0,3448385900.0,0.87
Tokenized BTC,22310173633.0,1048559818.0,2.92
Perpetuals,17962682316.0,2096694166.0,1.91
Bridged Stablecoin,17363509481.0,4144098752.0,0.48
Index Coop Defi Index,16902292577.0,1388732106.0,7.08
Restaking,16431107150.0,521688186.0,3.21
DePIN,15884301875.0,1937509544.0,0.07
Layer 2 (L2),15724912815.0,2634454590.0,0.0
Zero Knowledge (ZK),15502850112.0,4770591227.0,0.43
Chain Abstraction,15196481977.0,1725943762.0,1.79
Yield-Bearing Stablecoin,15036273242.0,312621419.0,0.25
RWA Protocol,14474445855.0,1046874864.0,3.24
Liquid Restaking Tokens,14305819117.0,31446524.0,3.48
Internet of Things (IOT),14168941212.0,937677796.0,2.75
Derivatives,14071176959.0,860283938.0,1.69
Tokenized Private Credit,13707853960.0,234199.0,-3.17
Bridged USDT,13700069354.0,2548173695.0,0.44
Cross-chain Communication,13642644705.0,1121337081.0,1.98
Yield Farming,13237966218.0,1671261115.0,6.93
Stablecoin Issuer,13068877894.0,1879525157.0,11.35
Binance Launchpool,12904909047.0,1817748072.0,2.27
Oracle,12895558254.0,1046086465.0,3.18
NFT,12809608318.0,2133217108.0,1.72
x402 Ecosystem,12379553071.0,1079610151.0,976.31
Entertainment,12219703199.0,1052196651.0,3.05
Synthetic,11975795348.0,882477284.0,3.22
Education,11526558775.0,814101528.0,3.46
Energy,11375071525.0,817408018.0,3.51
Synthetic Dollar,11314825723.0,226494240.0,-0.6
Healthcare,11310012333.0,801345994.0,3.38
Marketing,11308991291.0,1110646959.0,3.35
Bitcoin Fork,11002239352.0,249374620.0,2.92
Layer 0 (L0),10901548060.0,1288687575.0,-10.09
Automated Market Maker (AMM),10544455610.0,1572202214.0,8.73
Ether.fi Ecosystem,10309813934.0,75610899.0,3.62
Directed Acyclic Graph (DAG),10269984329.0,515791139.0,6.15
Gaming (GameFi),9274596947.0,1161254634.0,2.83
Trump-Affiliated,9078767437.0,2502190532.0,14.89
Crypto-backed Stablecoin,9022163657.0,164958749.0,0.79
Privacy Blockchain,8587331626.0,1558390885.0,127.41
Solana Meme,7584701580.0,2621454546.0,8.79
Launchpad,6981739552.0,1445087653.0,3.53
Tokenized Assets,6568442940.0,16343217402.0,0.92
Liquid Staked SOL,6425944871.0,41941105.0,5.13
Lending/Borrowing Protocols,6345977279.0,847741857.0,6.37
Neobank,5421245052.0,605535808.0,-1.76
CeFi,5339294300.0,198796067.0,547.82
Data Availability,5088539137.0,1155554561.0,-2.95
Play To Earn,4980724112.0,482657301.0,0.94
Rollup,4889217690.0,1262388349.0,4.98
Binance HODLer Airdrops,4839947049.0,1734947921.0,74.39
AI Agents,4619892137.0,1177916559.0,1.66
Metaverse,4544166544.0,556409565.0,3.58
Binance Launchpad,4438881922.0,795424780.0,1.16
Wallets,3883409773.0,176503168.0,-0.18
Tokenized Commodities,3756479453.0,16240938823.0,2.18
Storage,3716248817.0,901151610.0,-9.77
Tokenized Gold,3667743223.0,16240533887.0,2.2
Decentralized Identifier (DID),3604194886.0,263005814.0,5.06
Frog-Themed,3531151772.0,490615892.0,1.52
The Boyâ€™s Club,3344990003.0,448008642.0,1.65
Binance-Peg Tokens,3245437057.0,148970588.0,3.04
Bridged USDC,3176797336.0,676493650.0,0.74
SocialFi,3043705674.0,973942146.0,8.36
Gaming Blockchains,2999204312.0,271730119.0,1.33
Optimism Superchain Ecosystem,2979556011.0,304170470.0,0.03
AI Framework,2885015401.0,821079508.0,-13.81
Payment Solutions,2525555965.0,248209393.0,3.57
Bridged WETH,2455528721.0,1299327780.0,3.67
AI Agent Launchpad,2444645792.0,859927071.0,0.49
Pump.fun Ecosystem,2300221860.0,596522716.0,6.87
LP Tokens,2236989467.0,71576402.0,2.68
Liquid Staked BTC,2206686684.0,9805160.0,1.44
Yield-Bearing,2204208556.0,6495957.0,1.79
Analytics,2068591702.0,321465415.0,2.35
Mobile Mining,2035227236.0,47240541.0,1.19
PolitiFi,2030744104.0,1503737759.0,20.07
US Treasury-backed Stablecoin,1994811394.0,1756565.0,2.02
SideChain,1993681363.0,87095481.0,-2.26
Gaming Utility Token,1924703542.0,215802825.0,1.73
Masternodes,1859519857.0,451258302.0,-4.08
AI Meme,1792844045.0,400923937.0,8.24
Airdropped Tokens by NFT Projects,1776402541.0,278838705.0,4.19
Dex Aggregator,1773982147.0,137908980.0,2.24
Morpho Ecosystem,1744336486.0,28248161.0,5.33
Liquid Staking Governance Tokens,1702743812.0,221432008.0,0.92
Virtuals Protocol Ecosystem,1616167726.0,397466724.0,5.27
Bridged WBTC,1492117117.0,171820945.0,3.12
Tokenized Treasury Bills (T-Bills),1488229513.0,4220468.0,-2.16
Binance Wallet IDO,1477381403.0,656491618.0,33.4
Bitcoin Sidechains,1473354336.0,78270529.0,-2.68
Modular Blockchain,1360521326.0,223829590.0,-1.17
AI Applications,1349020950.0,319713949.0,3.11
IP,1248863511.0,56343501.0,-5.96
Name Service,1221095579.0,58366262.0,0.47
Parallelized EVM,1211938409.0,127197539.0,1.63
DeFAI,1211568576.0,211227651.0,4.67
Gaming Governance Token,1204113383.0,170903013.0,-3.19
Liquid Restaking Governance Tokens,1125670110.0,267398890.0,2.07
Cat-Themed,1125282860.0,118519436.0,2.05
BTCfi Protocol,1120589174.0,212524568.0,0.92
Murad Picks,1105050520.0,79324344.0,5.47
Sports,1088336850.0,93310884.0,-0.24
Telegram Apps,1063612010.0,160070153.0,1.9
Curve Ecosystem,1052291716.0,146859306.0,0.66
Bittensor Subnets,1036607324.0,71210525.0,3.35
Simulation Games,1034987896.0,99783487.0,2.68
RPG,984358449.0,133001704.0,-1.48
Account Abstraction,973636638.0,104944623.0,1.98
Gaming Marketplace,942955142.0,103433712.0,2.15
Yield Aggregator,929841621.0,59279520.0,0.36
Bridge Governance Tokens,870581315.0,95694321.0,-0.24
Base Meme,851333041.0,124119931.0,5.91
Tokenized Treasury Bonds (T-Bonds),784102423.0,14509.0,0.12
Buidlpad Launchpad,764273270.0,133095952.0,-1.31
Gaming Platform,746193324.0,164265988.0,-0.32
Stock market-themed,718963017.0,31490400.0,7.09
Decentralized Science (DeSci),689787053.0,50016129.0,5.28
On-chain Gaming,670248361.0,68039007.0,0.47
LSDFi,668633402.0,89451957.0,-0.23
TokenFi Launchpad,666090186.0,67775043.0,0.56
VPN,651758007.0,12895759.0,-1.96
Bridged DAI,648202784.0,77068495.0,0.68
Hyperunit Ecosystem,645997529.0,167499495.0,5.51
EUR Stablecoin,620430027.0,106783806.0,1.93
Gambling (GambleFi),615562536.0,15781757.0,2.38
InfoFi,614582255.0,32858223.0,3.32
MEV Protection,596705927.0,32641642.0,2.28
Echo Launchpad,595364346.0,422133336.0,1.53
Communication,590268755.0,98862779.0,0.88
Four.meme Ecosystem (BNB Memes),579281078.0,419424404.0,1.91
Algorithmic Stablecoin,564536338.0,13687785.0,0.77
Midas Liquid Yield Tokens,549140954.0,163373.0,1.47
Synthetic Issuer,543544575.0,73491740.0,-0.13
Fixed Interest,521066954.0,51950308.0,-0.22
Appchains,510449965.0,303491495.0,1.75
Impossible Finance Launchpad,496225563.0,49797055.0,-1.09
Yield Tokenization Protocol,485834356.0,51617320.0,1.09
Liquid Restaked ETH,485739488.0,8798810.0,3.97
Robotics,475588200.0,26056868.0,4.48
LRTfi,474951285.0,51483284.0,0.76
Aave Tokens,462625485.0,44279286.0,2.54
Avalanche L1,447310465.0,45566324.0,2.11
Seigniorage,441416866.0,16220596.0,-1.12
Intent,440271230.0,119862207.0,6.47
Rebase Tokens,402132511.0,354889.0,0.73
Card Games,390958859.0,54201109.0,-3.94
Quantum-Resistant,386911616.0,9625673.0,-1.81
Terminal of Truths,382453490.0,148920003.0,11.39
Prediction Markets,357120957.0,24832050.0,2.11
Ondo Tokenized Assets,319015205.0,15907802.0,0.6
Zoo-Themed,310246854.0,83573583.0,2.6
NFT Marketplace,298881486.0,35511642.0,0.55
NFTFi,297114661.0,457997770.0,5.98
BONK.fun Ecosystem,291773164.0,122852172.0,17.34
Tradable Ecosystem,286359604.0,0.0,1.02
Axie Infinity Ecosystem,279806949.0,27635184.0,-3.23
Chinese Meme,273360620.0,46211122.0,3.66
Yearn Ecosystem,272762346.0,45070440.0,0.48
Rollups-as-a-Service (RaaS),272573814.0,50210494.0,-0.94
Yield Optimizer,247028545.0,12686351.0,-0.15
Breeding,244298514.0,23432931.0,-3.83
Fan Token,243305375.0,47427963.0,1.87
Insurance,239636254.0,1091900.0,8.75
Layer 3 (L3),234031485.0,37212388.0,0.08
Runes,227960479.0,10244466.0,12.25
Bitcoin Meme,220957972.0,9714166.0,12.27
Centralized Exchange (CEX) Product,208335715.0,42802872.0,-10.8
Compound Tokens,205197356.0,698.0,3.41
Synthetic Asset,204862918.0,12097372.0,1.59
Olympus Pro Ecosystem,200333648.0,51950473.0,2.77
Retail,199462482.0,38402560.0,1.33
E-commerce,198634701.0,8465373.0,7.98
MMO,198389360.0,69826569.0,-2.43
DaoMaker Launchpad,196729712.0,46736519.0,1.72
DeFi Index,196037829.0,3531039.0,3.69
Action Games,193293520.0,72513793.0,1.9
Cybersecurity,190605933.0,18113877.0,-0.71
Metagovernance,189408231.0,8843203.0,-0.17
Clanker Ecosystem,188915831.0,34697239.0,21.25
Inscriptions,185518513.0,72067854.0,-2.99
Adventure Games,174291807.0,47464659.0,-11.78
BRC-20,168130607.0,71627241.0,-3.86
Wojak-Themed,166340643.0,17177833.0,22.91
Tokenized Real Estate,158359232.0,24654105.0,0.87
Regenerative Finance (ReFi),154876282.0,3782652.0,5.08
TikTok Meme,151683634.0,42714749.0,4.15
Strategy Games,150166959.0,31242303.0,-0.24
Hybrid Token Standards,149040083.0,13270742.0,28.86
Tap to Earn,140379158.0,40652553.0,-2.91
Farcaster Ecosystem,136942280.0,13918669.0,4.26
Parody Meme,133974583.0,16939864.0,17.53
Binance Megadrop,129719727.0,37390446.0,-1.53
BackedFi xStocks Ecosystem,128994822.0,77534954.0,2.34
Trading Bots,127109287.0,16599531.0,7.41
TON Meme,124400222.0,27442285.0,-2.43
Memorial Themed,123258262.0,28352512.0,1.98
Move To Earn,119611694.0,25201003.0,19.22
Capital Launchpad,118661240.0,30305900.0,1.59
Sports Games,116687829.0,21156255.0,3.36
Tokenized Stock,113478786.0,75335825.0,2.06
Poolz Finance Launchpad,112919755.0,13384500.0,4.07
Sui Meme,112528609.0,27367747.0,2.95
Options,109411646.0,4466258.0,1.49
Believe.app Ecosystem,108743361.0,20100511.0,7.82
Discord Bots,108325134.0,16005391.0,1.22
Arcade Games,108132952.0,35929759.0,6.61
Music,102896499.0,12843510.0,-1.7
Guild and Scholarship,102714151.0,24074277.0,-2.43
Legal,96042787.0,1221028.0,1752.29
Liquid Staked APT	,95919907.0,108094.0,3.6
Celebrity-Themed,87947499.0,12176968.0,1.84
ChainGPT Launchpad,87235674.0,20971328.0,-0.94
Charity,84356061.0,3213884.0,2.71
Liquid Restaked SOL,83753122.0,447383.0,4.7
Augmented Reality,82258728.0,1912832.0,11.78
Anime-Themed,81862653.0,28920623.0,1.81
Commodity-backed Stablecoin,79459197.0,218777.0,0.9
Quest-to-Earn,78997004.0,16433853.0,-5.02
Solana Token-2022,72191829.0,3761285.0,-3.08
Desci Meme,67641872.0,3606203.0,1.39
Tourism,67285836.0,14416301.0,1.46
NFT Strategy Flywheel,63771437.0,754555.0,9.86
NFTStrategy Ecosystem,58871121.0,721685.0,11.27
MetaDAO Launchpad,57644014.0,4586272.0,5.12
Game Studio,48893728.0,9256220.0,-3.69
Shooting Games,47012854.0,14434380.0,3.82
Wall Street Bets Themed,40042468.0,1680442.0,0.18
Leveraged Token,37050062.0,549882.0,11.39
Fractionalized NFT,36067961.0,3081592.0,3.66
Ohm Fork,35880649.0,5418.0,-1.59
Racing Games,35464775.0,1621005.0,11.51
Moonshot Ecosystem,33814727.0,3475179.0,17.1
Virtual Reality,33147662.0,5662572.0,-0.51
NFT Launchpad,30495205.0,302183.0,32.22
Liquid Staked SUI,29935141.0,15215209.0,41.92
PAAL AI Launchpad,27454086.0,5512161.0,-0.49
Mascot-Themed,26999782.0,3593117.0,0.08
TRON Meme,26991710.0,10436095.0,4.26
Tokenized Exchange-Traded Funds (ETFs),24878796.0,2072302.0,2.82
Camelot Launchpad,24148866.0,780374.0,4.42
Yield Tokenization Product,22384072.0,16710.0,0.22
CreatorBid Ecosystem,21675371.0,212357.0,6.39
TokenSets Ecosystem,21259631.0,47615.0,6.25
Sun Pump Ecosystem,21216342.0,9748108.0,5.55
Trading Card RWA Platform,19806972.0,3861101.0,25.71
NFT Lending/Borrowing,18797263.0,1457693.0,2.09
Wormhole Assets,16308850.0,80748803.0,3.59
Gotchiverse,16284604.0,3514720.0,-0.95
JPY Stablecoin,15671741.0,98207.0,-0.09
Animal Racing,14332188.0,582877.0,18.0
SGD Stablcoin,14252586.0,2401790.0,-0.21
IDR Stablecoin,11679887.0,12827.0,-0.97
Zora Creator,11667596.0,430942.0,-0.22
RealT Tokens,11550781.0,69.0,-0.88
Recruitment,11535787.0,13303439.0,14.48
Bridged wstETH,9799450.0,13240955.0,2.99
Fighting Games,9646587.0,599583.0,2.44
Country-Themed Meme,9264052.0,1063966.0,5.44
Market-Making Solution,9007227.0,445163.0,1.17
Decentralized Lottery,8044113.0,2222692.0,5.5
Farming-as-a-Service (FaaS),7501130.0,879.0,1.34
Reddit Points,6320022.0,15030.0,2.0
Christmas Themed,5514254.0,556954.0,3.1
Bridged FRAX,5477502.0,1109449.0,0.19
ERC 404,4753647.0,279548.0,3.08
BagsApp Ecosystem,4615100.0,372625.0,2.63
PreStocks Ecosystem,4099684.0,838863.0,0.78
CNY Stablecoin,4026147.0,26.0,3.36
Pump.fun Creator,3174848.0,253265.0,-3.44
DRC-20,2711384.0,101.0,-1.11
Zodiac-Themed,1752214.0,2731.0,6.23
Kommunitas Launchpad,1647193.0,201246.0,6.07
daos.fun Ecosystem,1583410.0,377165.0,5.09
SPL22,1555419.0,189160.0,5.3
Pump Science Ecosystem,1287727.0,1565902.0,-19.49
NFT Index,1189249.0,4885.0,-3.7
Duck-Themed,1017821.0,6949.0,6.77
Emoji-Themed,914968.0,2696.0,0.25
Spore.fun Ecosystem,643963.0,83897.0,23.88
Farming Games,547240.0,1607.0,-0.29
GBP Stablecoin,511659.0,81257.0,0.02
Time.fun Ecosystem,476642.0,13749.0,2.55
Flaunch Ecosystem,473068.0,179.0,4.2
Sticker-Themed Coins,266180.0,127453.0,6.47
ERC20i,171566.0,8677.0,12.51
STX.CITY Ecosystem,138827.0,276.0,5.17
ETF,27155.0,9140.0,1.35
HyperXpad Launchpad,15214.0,1.0,3.01
Yearn Vault Tokens,15111.0,10810.0,3.01
KRW Stablecoin,13662.0,1444.0,0.26
 DN-404,6500.0,483.0,-15.57
Floor Protocol Tokens,0.0,0.0,0.0
SRC-20,0.0,0.0,0.0
Tower Defense Games,0.0,105.0,0.0
ASC-20,0.0,0.0,0.0
Tokenized Silver,0.0,642310.0,0.0
Bridged WBNB,0.0,19895.0,0.0
NFT Aggregator,0.0,0.0,0.0
Gate Fun Ecosystem,0.0,0.0,0.0
NFT AMM,0.0,0.0,0.0
 Puzzle Games,0.0,21.0,0.0
Bridged WAVAX,0.0,4682.0,0.0
Atomicals (ARC-20),0.0,0.0,0.0
BitStarters Launchpad,0.0,8954.0,0.0
Index Coop Metaverse Index,0.0,0.0,0.0
Opinions.fun Ecosystem,0.0,0.0,0.0
Dinari Ecosystem,0.0,0.0,0.0
Friend.tech Ecosystem,0.0,0.0,0.0
Ethereum Ecosystem,,,
BNB Chain Ecosystem,,,
Solana Ecosystem,,,
Base Ecosystem,,,
Polygon Ecosystem,,,
Arbitrum Ecosystem,,,
Avalanche Ecosystem,,,
Fantom Ecosystem,,,
Optimism Ecosystem,,,
TON Ecosystem,,,
Sui Ecosystem,,,
Gnosis Chain Ecosystem,,,
Cronos Ecosystem,,,
Osmosis Ecosystem,,,
Tron Ecosystem,,,
Chiliz Ecosystem,,,
Blast Ecosystem,,,
Cardano Ecosystem,,,
Bitcoin Ecosystem,,,
Bittensor Ecosystem,,,
Harmony Ecosystem,,,
Sonic Ecosystem,,,
Energi Ecosystem,,,
Linea Ecosystem,,,
HyperEVM Ecosystem,,,
Kaia Ecosystem,,,
Near Protocol Ecosystem,,,
Aptos Ecosystem,,,
Berachain Ecosystem,,,
XRP Ledger Ecosystem,,,
Abstract Ecosystem,,,
Hedera Ecosystem,,,
Bitcichain Ecosystem,,,
Mantle Ecosystem,,,
Algorand Ecosystem,,,
Scroll Ecosystem,,,
Celo Ecosystem,,,
Metis Ecosystem,,,
Cosmos Ecosystem,,,
Tezos Ecosystem,,,
Moonriver Ecosystem,,,
Hyperliquid Ecosystem,,,
MultiversX Ecosystem,,,
Stellar Ecosystem,,,
Sora Ecosystem,,,
Plume Network Ecosystem,,,
Sei Network Ecosystem,,,
X Layer Ecosystem,,,
Core Ecosystem,,,
Internet Computer Ecosystem,,,
Polkadot Ecosystem,,,
Mode Ecosystem,,,
Aurora Ecosystem,,,
Manta Network Ecosystem,,,
Ronin Ecosystem,,,
Terra Ecosystem,,,
Starknet Ecosystem,,,
Archway Ecosystem,,,
Kava Ecosystem,,,
Stacks Ecosystem,,,
Huobi ECO Chain Ecosystem,,,
Kaspa Ecosystem,,,
Unichain Ecosystem,,,
Plasma Ecosystem,,,
Fuse Ecosystem,,,
Fraxtal Ecosystem,,,
Polygon zkEVM Ecosystem,,,
XDC Ecosystem,,,
Viction Ecosystem,,,
IoTeX Ecosystem,,,
Injective Ecosystem,,,
Terra Classic Ecosystem,,,
Ink Ecosystem,,,
Merlin Chain Ecosystem,,,
Soneium Ecosystem,,,
Secret Ecosystem,,,
Canto Ecosystem,,,
ZetaChain Ecosystem,,,
Zilliqa Ecosystem,,,
EthereumPoW Ecosystem,,,
Flare Network Ecosystem,,,
KardiaChain Ecosystem,,,
Shibarium Ecosystem,,,
Rootstock Ecosystem,,,
Telos Ecosystem,,,
Milkomeda (Cardano) Ecosystem,,,
Radix Ecosystem,,,
Astar Ecosystem,,,
Katana Ecosystem,,,
ApeChain Ecosystem,,,
Dogechain Ecosystem,,,
World Chain Ecosystem,,,
Velas Ecosystem,,,
Evmos Ecosystem,,,
Etherlink Ecosystem,,,
Immutable zkEVM Ecosystem,,,
Meter Ecosystem,,,
Cronos zkEVM Ecosystem,,,
Flow EVM Ecosystem,,,
Swellchain Ecosystem,,,
Arbitrum Nova Ecosystem,,,
IOTA EVM Ecosystem,,,
Skale Ecosystem,,,
opBNB Ecosystem,,,
Neon Ecosystem,,,
Waves Ecosystem,,,
WEMIX Ecosystem,,,
Hydration Ecosystem,,,
Oasys Ecosystem,,,
Hemi Ecosystem,,,
TAC Ecosystem,,,
Story Ecosystem,,,
Kujira Ecosystem,,,
Conflux Ecosystem,,,
Lisk Ecosystem,,,
Peaq Ecosystem,,,
Eclipse Ecosystem,,,
Ergo Ecosystem,,,
Oasis Emerald Ecosystem,,,
Beam Ecosystem,,,
BitTorrent Ecosystem,,,
HECO Chain Ecosystem,,,
LightLink Ecosystem,,,
OKT Chain Ecosystem,,,
Zircuit Ecosystem,,,
Morph L2 Ecosystem,,,
Bitlayer Ecosystem,,,
Syscoin NEVM Ecosystem,,,
OEC Ecosystem,,,
Kadena Ecosystem,,,
Re.al Ecosystem,,,
Wanchain Ecosystem,,,
NEO Ecosystem,,,
Songbird Ecosystem,,,
Theta Ecosystem,,,
Kucoin Community Chain Ecosystem,,,
Zedxion Ecosystem,,,
Boba Network Ecosystem,,,
Massa Ecosystem,,,
Zora Ecosystem,,,
Step Network Ecosystem,,,
Elastos Smart Contract Chain Ecosystem,,,
Ethereum Classic Ecosystem,,,
Corn Ecosystem,,,
Movement Ecosystem,,,
Hydra Ecosystem,,,
ThunderCore Ecosystem,,,
Wax Ecosystem,,,
Goat Ecosystem,,,
Degen Ecosystem,,,
ShimmerEVM Ecosystem,,,
Alephium Ecosystem,,,
SmartBCH Ecosystem,,,
Sanko Ecosystem,,,
Kroma Ecosystem,,,
Juno Ecosystem,,,
Haven1 Ecosystem,,,
VeChain Ecosystem,,,
Flow Ecosystem,,,
Superseed Ecosystem,,,
Taraxa Ecosystem,,,
Bitrock Ecosystem,,,
BSquared Network Ecosystem,,,
Saga Ecosystem,,,
Gravity Alpha Ecosystem,,,
BEVM Ecosystem,,,
EDU Chain Ecosystem,,,
GateLayer Ecosystem,,,
MemeCore Ecosystem,,,
Oraichain Ecosystem,,,
Lukso Ecosystem,,,
Bitgert Ecosystem,,,
Q Mainnet Ecosystem,,,
Astar zkEVM Ecosystem,,,
Laika Ecosystem,,,
Shido Network Ecosystem,,,
zkLink Nova Ecosystem,,,
Migaloo Ecosystem,,,
DFK Chain Ecosystem,,,
Redbelly Network Ecosystem,,,
Botanix Ecosystem,,,
AirDAO Ecosystem,,,
Mint Ecosystem,,,
DuckChain Ecosystem,,,
BESC HyperChain Ecosystem,,,
Somnia Ecosystem,,,
Glue Ecosystem,,,
Initia Ecosystem,,,
Oasis Sapphire Ecosystem,,,
BounceBit Ecosystem,,,
Mezo Ecosystem,,,
Pundi AIFX Omnilayer Ecosystem,,,
Unit0 Network Ecosystem,,,
RSS3 VSL Ecosystem,,,
Venom Ecosystem,,,
Nibiru Ecosystem,,,
EOS Ecosystem,,,
HeLa Ecosystem,,,
0g Ecosystem,,,
Mantra Ecosystem,,,
Bahamut Ecosystem,,,
Genesys Network Ecosystem,,,
inEVM Ecosystem,,,
Zero Network Ecosystem,,,
Parex Network Ecosystem,,,
SX Rollup Ecosystem,,,
Humanode Ecosystem,,,
HashKey Chain Ecosystem,,,
Artela Ecosystem,,,
GalaChain Ecosystem,,,
Larissa Ecosystem,,,
Electroneum Ecosystem,,,
Vanar Chain Ecosystem,,,
Ziliqa EVM Ecosystem,,,
Zano Ecosystem,,,
Endurance Ecosystem,,,
Proof of Memes Ecosystem,,,
Superposition Ecosystem,,,
Provenance Ecosystem,,,
QL1 Ecosystem,,,
Vana Ecosystem,,,
XAI Ecosystem,,,
GraphLinq Ecosystem,,,
Ancient8 Ecosystem,,,
Lens Ecosystem,,,
Saakuru Ecosystem,,,
Haqq Network Ecosystem,,,
Xone Ecosystem,,,
IOTA Ecosystem,,,
DeepBrain Chain Ecosystem,,,
Defiverse Ecosystem,,,
Edgeware Ecosystem,,,
Reactive Network Ecosystem,,,
Apex Chain Ecosystem,,,
Cyber Ecosystem,,,
Boba BNB Ecosystem,,,
AlienX Ecosystem,,,
DefiMetaChain Ecosystem,,,
Mainnetz Ecosystem,,,
Loopring Ecosystem,,,
Voi Network Ecosystem,,,
Titanchain Ecosystem,,,
Quai Network Ecosystem,,,
XRPL EVM Ecosystem,,,
8Bit Chain Ecosystem,,,
Chromia Ecosystem,,,
Aelf Ecosystem,,,
Sonic SVM Ecosystem,,,
BeamPrivacy Ecosystem,,,
Bayblon Genesis Ecosystem,,,
Codex Ecosystem,,,
Ultron Ecosystem,,,
Onchain Ecosystem,,,
Graphite Network Ecosystem,,,
Rari Ecosystem,,,
Elysium Ecosystem,,,
GUNZ Ecosystem,,,
Supra Ecosystem,,,
Qubic Ecosystem,,,
Celer Network,,,
Zenon Ecosystem,,,
ICB Network Ecosystem,,,
Tenet Ecosystem,,,
Lamina1 Ecosystem,,,
Qitmeer Network Ecosystem,,,
Eventum Ecosystem,,,
Odyssey Ecosystem,,,
CrossFi Ecosystem,,,
Vyvo Smart Chain Ecosystem,,,
DMEX Ecosystem,,,
Moonchain Ecosystem,,,
Kinto Ecosystem,,,
Redstone Ecosystem,,,
MaxxChain Ecosystem,,,
Lung Ecosystem,,,
Nahmii Ecosystem,,,
ENULS Ecosystem,,,
Winr Ecosystem,,,
MultiVAC Ecosystem,,,
Alveychain Ecosystem,,,
Ham Ecosystem,,,
UTON Ecosystem,,,
Omnia Ecosystem,,,
Combo Ecosystem,,,
PLAYA3ULL Games Ecosystem,,,
XT Smart Chain Ecosystem,,,
PlatON Network Ecosystem,,,
Jibchain Ecosystem,,,
MegaETH Ecosystem,,,
